{"cameraMode":{"drawMode":0,"name":"Shaded","section":"Shading Mode"},"sceneLighting":true,"audioPlay":false,"sceneViewState":{"m_AlwaysRefresh":false,"showFog":true,"showSkybox":true,"showFlares":true,"showImageEffects":true,"showParticleSystems":true,"showVisualEffectGraphs":true,"m_FxEnabled":true},"in2DMode":false,"pivot":{"x":-3.275362253189087,"y":2.141338348388672,"z":5.629189968109131},"rotation":{"x":0.672362744808197,"y":-0.0011103261495009065,"z":0.0010085450485348702,"w":0.7402190566062927},"size":25.195772171020509,"orthographic":false}